-- LAVOZIMLAR JADVALI
CREATE TABLE POSITIONS (
    POSITION_ID INT PRIMARY KEY,
    POSITION_NAME VARCHAR(100) NOT NULL,
    POSITION_DESCRIPTION TEXT,
    SALARY DECIMAL(10,2)
);

-- XODIMLAR JADVALI
CREATE TABLE EMPLOYEES (
    EMPLOYEE_ID INT PRIMARY KEY,
    FIRST_NAME VARCHAR(50) NOT NULL,
    LAST_NAME VARCHAR(50) NOT NULL,
    FATHER_NAME VARCHAR(50),
    EMAIL VARCHAR(50) UNIQUE,
    PHONE VARCHAR(30),
    BIRTH_DATE DATE,
    GENRE VARCHAR(10),
    NATIONALITY VARCHAR(50),
    EXPERIENCE INTEGER,
    JOINED_DATE_TO_CAFEDRA DATE,
    POSITION_ID INT,
    CAFEDRA_ID INT
);

-- FAKULTETLAR JADVALI
CREATE TABLE FACULTIES (
    FACULTY_ID INT PRIMARY KEY,
    FACULTY_NAME VARCHAR(200) NOT NULL,
    DECAN_ID INT
);

-- KAFEDRALAR JADVALI
CREATE TABLE CAFEDRAS (
    CAFEDRA_ID INT PRIMARY KEY,
    CAFEDRA_NAME VARCHAR(200) NOT NULL,
    FACULTY_ID INT,
    MANAGER_ID INT
);

-- XODIMLARNING BAJARADIGAN VAZIFALAR JADVALI
CREATE TABLE MISSIONS (
    MISSION_ID INT PRIMARY KEY,
    EMPLOYEE_ID INT,
    MISSION_NAME VARCHAR(200) NOT NULL,
    MISSION_DESCRIPTION TEXT,
    PRIORITY VARCHAR(20),
    MISSION_DATE DATE
);

-- FOREIGN KEY CONSTRAINT LARNI QO'SHISH
ALTER TABLE EMPLOYEES 
ADD CONSTRAINT FK_EMPLOYEE_POSITION 
FOREIGN KEY (POSITION_ID) REFERENCES POSITIONS(POSITION_ID);

ALTER TABLE EMPLOYEES 
ADD CONSTRAINT FK_EMPLOYEE_CAFEDRA 
FOREIGN KEY (CAFEDRA_ID) REFERENCES CAFEDRAS(CAFEDRA_ID);

ALTER TABLE FACULTIES 
ADD CONSTRAINT FK_FACULTY_DECAN 
FOREIGN KEY (DECAN_ID) REFERENCES EMPLOYEES(EMPLOYEE_ID);

ALTER TABLE CAFEDRAS 
ADD CONSTRAINT FK_CAFEDRA_FACULTY 
FOREIGN KEY (FACULTY_ID) REFERENCES FACULTIES(FACULTY_ID);

ALTER TABLE CAFEDRAS 
ADD CONSTRAINT FK_CAFEDRA_MANAGER 
FOREIGN KEY (MANAGER_ID) REFERENCES EMPLOYEES(EMPLOYEE_ID);

ALTER TABLE MISSIONS 
ADD CONSTRAINT FK_MISSION_EMPLOYEE 
FOREIGN KEY (EMPLOYEE_ID) REFERENCES EMPLOYEES(EMPLOYEE_ID);

-- LAVOZIMLAR MA'LUMOTLARI
INSERT INTO POSITIONS (POSITION_ID, POSITION_NAME, POSITION_DESCRIPTION, SALARY) VALUES 
(1, 'DECAN', 'FACULTY MANAGER', 5000000),
(2, 'DEPUTY DECAN', 'ASSISTANT OF DECAN', 4000000),
(3, 'METODIST', 'ORGANIZATION OF EDUCATIONAL PROCESSES', 3500000),
(4, 'PROFESSOR', 'ACADEMIC RESEARCH AND TEACHING', 4500000),
(5, 'ASSOCIATE PROFESSOR', 'ACADEMIC TEACHING', 4000000);

-- FAKULTETLAR MA'LUMOTLARI
INSERT INTO FACULTIES (FACULTY_ID, FACULTY_NAME) VALUES 
(1, 'ELECTRONICS AND AUTOMATICS'),
(2, 'ENERGY AND POWER ENGINEERING'),
(3, 'MECHANICAL ENGINEERING'),
(4, 'COMPUTER ENGINEERING'),
(5, 'CHEMICAL TECHNOLOGY'),
(6, 'ECONOMICS AND MANAGEMENT'),
(7, 'MATERIAL SCIENCE'),
(8, 'BIOTECHNOLOGY');

-- KAFEDRALAR MA'LUMOTLARI
INSERT INTO CAFEDRAS (CAFEDRA_ID, CAFEDRA_NAME, FACULTY_ID) VALUES 
(1, 'AUTOMATION AND CONTROL SYSTEMS', 1),
(2, 'ELECTRICAL POWER ENGINEERING', 2),
(3, 'MECHANICAL ENGINEERING TECHNOLOGIES', 3),
(4, 'SOFTWARE ENGINEERING', 4),
(5, 'INDUSTRIAL CHEMISTRY', 5);

-- XODIMLAR MA'LUMOTLARI
INSERT INTO EMPLOYEES (
    EMPLOYEE_ID, FIRST_NAME, LAST_NAME, FATHER_NAME, 
    EMAIL, PHONE, BIRTH_DATE, GENRE, NATIONALITY, 
    EXPERIENCE, JOINED_DATE_TO_CAFEDRA, POSITION_ID, CAFEDRA_ID
) VALUES 
(1, 'AKMAL', 'KARIMOV', 'ABDULLA O''G''LI', 'AKMAL@UNIVERSITY.EDU', '+998901234567', '1975-05-15', 'ERKAK', 'O''ZBEK', 20, '2010-09-01', 1, 1),
(2, 'MALIKA', 'TOSHEVA', 'RUSTAM QIZI', 'MALIKA@UNIVERSITY.EDU', '+998907654321', '1980-03-22', 'AYOL', 'O''ZBEK', 15, '2012-02-15', 2, 2),
(3, 'SARDOR', 'XUDOYOROV', 'KOMIL O''G''LI', 'SARDOR@UNIVERSITY.EDU', '+998903456789', '1985-11-10', 'ERKAK', 'O''ZBEK', 10, '2015-09-01', 3, 3),
(4, 'DILNOZA', 'ABDULLAYEVA', 'OLIM QIZI', 'DILNOZA@UNIVERSITY.EDU', '+998904567890', '1978-07-18', 'AYOL', 'O''ZBEK', 18, '2011-01-15', 4, 4),
(5, 'BOBUR', 'RAHMONOV', 'AKBAR O''G''LI', 'BOBUR@UNIVERSITY.EDU', '+998905678901', '1982-12-05', 'ERKAK', 'O''ZBEK', 12, '2014-09-01', 5, 4),
(6, 'NODIRA', 'SATTOROVA', 'ERGASH QIZI', 'NODIRA@UNIVERSITY.EDU', '+998906789012', '1979-09-30', 'AYOL', 'O''ZBEK', 16, '2013-02-15', 2, 1),
(7, 'ULUGBEK', 'ISMOILOV', 'HAMID O''G''LI', 'ULUGBEK@UNIVERSITY.EDU', '+998907890123', '1983-06-25', 'ERKAK', 'O''ZBEK', 11, '2016-09-01', 3, 2),
(8, 'GULCHEXRA', 'QOSIMOVA', 'BOTIR QIZI', 'GULCHEXRA@UNIVERSITY.EDU', '+998908901234', '1976-04-12', 'AYOL', 'O''ZBEK', 19, '2010-01-15', 4, 3),
(9, 'SHOXRUX', 'MAMASOLIYEV', 'MALIK O''G''LI', 'SHOXRUX@UNIVERSITY.EDU', '+998909012345', '1981-08-07', 'ERKAK', 'O''ZBEK', 14, '2013-09-01', 5, 4),
(10, 'MUNIRA', 'NORMATOVA', 'QOSIM QIZI', 'MUNIRA@UNIVERSITY.EDU', '+998901234567', '1977-02-20', 'AYOL', 'O''ZBEK', 17, '2012-02-15', 2, 5);

-- VAZIFALAR MA'LUMOTLARI
INSERT INTO MISSIONS (
    MISSION_ID, EMPLOYEE_ID, MISSION_NAME, 
    MISSION_DESCRIPTION, PRIORITY, MISSION_DATE
) VALUES 
(1, 1, 'FACULTY DEVELOPMENT', 'STRATEGIC PLANNING AND DEVELOPMENT', 'HIGH', '2025-01-15'),
(2, 2, 'CURRICULUM UPDATE', 'REVIEW AND UPDATE EDUCATIONAL PROGRAMS', 'MEDIUM', '2025-02-20'),
(3, 3, 'STUDENT RECRUITMENT', 'ORGANIZE ADMISSION CAMPAIGN', 'HIGH', '2025-03-10'),
(4, 4, 'RESEARCH GRANT', 'PREPARE AND SUBMIT RESEARCH PROPOSAL', 'HIGH', '2025-04-05'),
(5, 5, 'INTERNATIONAL COOPERATION', 'DEVELOP PARTNERSHIP WITH FOREIGN UNIVERSITIES', 'MEDIUM', '2025-05-15'),
(6, 6, 'ACCREDITATION PREPARATION', 'PREPARE DOCUMENTS FOR UNIVERSITY ACCREDITATION', 'HIGH', '2025-06-01'),
(7, 7, 'LABORATORY MODERNIZATION', 'UPGRADE EDUCATIONAL LABORATORIES', 'MEDIUM', '2025-07-10'),
(8, 8, 'SCIENTIFIC CONFERENCE', 'ORGANIZE INTERNATIONAL SCIENTIFIC CONFERENCE', 'HIGH', '2025-08-20'),
(9, 9, 'EDUCATIONAL SOFTWARE', 'DEVELOP DIGITAL LEARNING PLATFORMS', 'MEDIUM', '2025-09-05'),
(10, 10, 'ALUMNI RELATIONS', 'DEVELOP ALUMNI NETWORK AND SUPPORT', 'LOW', '2025-10-15');

-- INDEKSLAR
CREATE INDEX IDX_EMPLOYEE_POSITION ON EMPLOYEES(POSITION_ID);
CREATE INDEX IDX_EMPLOYEE_CAFEDRA ON EMPLOYEES(CAFEDRA_ID);




